player,wins,expected_wins,deviation,percent_deviation,deviation_above_tolerable_threshold
0,2036.1904761904761,2040.7142857142858,-4.523809523809632,0.002216777505541997,False
1,2042.9404761904761,2040.7142857142858,2.226190476190368,0.0010908878777271666,False
2,2051.190476190476,2040.7142857142858,10.476190476190368,0.005133590012833922,False
3,2090.2738095238096,2040.7142857142858,49.55952380952385,0.024285380935713474,True
4,1964.4404761904761,2040.7142857142858,-76.27380952380963,0.03737603546844014,True
5,2044.1904761904761,2040.7142857142858,3.476190476190368,0.0017034185042584932,False
6,2055.7738095238096,2040.7142857142858,15.059523809523853,0.00737953564344886,False
