player,wins,expected_wins,deviation,percent_deviation,deviation_above_tolerable_threshold
0,6258.75,6250.0,8.75,0.0014,False
1,6269.916666666667,6250.0,19.91666666666697,0.003186666666666715,False
2,6169.916666666667,6250.0,-80.08333333333303,0.012813333333333284,True
3,6301.416666666667,6250.0,51.41666666666697,0.008226666666666715,False
