player,wins,expected_wins,deviation,percent_deviation,deviation_above_tolerable_threshold
0,2814.8333333333335,2777.6666666666665,37.16666666666697,0.013380535221408967,True
1,2788.5,2777.6666666666665,10.833333333333485,0.0039001560062403044,False
2,2802.25,2777.6666666666665,24.583333333333485,0.008850354014160622,False
3,2761.9166666666665,2777.6666666666665,-15.75,0.005670226809072363,False
4,2712.4166666666665,2777.6666666666665,-65.25,0.023490939637585504,True
5,2786.0833333333335,2777.6666666666665,8.41666666666697,0.003030121204848303,False
