player,wins,expected_wins,deviation,percent_deviation,deviation_above_tolerable_threshold
0,12591.416666666666,12500.0,91.41666666666606,0.007313333333333285,False
1,12548.75,12500.0,48.75,0.0039,False
2,12260.083333333334,12500.0,-239.91666666666606,0.019193333333333285,True
3,12599.75,12500.0,99.75,0.00798,False
