player,wins,expected_wins,deviation,percent_deviation,deviation_above_tolerable_threshold
0,4106.416666666667,4000.0,106.41666666666697,0.02660416666666674,True
1,4058.0,4000.0,58.0,0.0145,True
2,4009.4166666666665,4000.0,9.416666666666515,0.0023541666666666286,False
3,3966.75,4000.0,-33.25,0.0083125,False
4,3859.4166666666665,4000.0,-140.58333333333348,0.03514583333333337,True
