player,wins,expected_wins,deviation,percent_deviation,deviation_above_tolerable_threshold
0,1559.0833333333333,1562.5,-3.4166666666667425,0.002186666666666715,False
1,1611.3333333333333,1562.5,48.83333333333326,0.031253333333333286,True
2,1577.5,1562.5,15.0,0.0096,False
3,1505.3333333333333,1562.5,-57.16666666666674,0.03658666666666671,True
4,1596.8333333333333,1562.5,34.33333333333326,0.021973333333333286,True
5,1523.6666666666667,1562.5,-38.83333333333326,0.024853333333333286,True
6,1585.1666666666667,1562.5,22.666666666666742,0.014506666666666715,True
7,1541.0833333333333,1562.5,-21.416666666666742,0.013706666666666716,True
