player,wins,expected_wins,deviation,percent_deviation,deviation_above_tolerable_threshold
0,1558.9583333333333,1562.5,-3.5416666666667425,0.002266666666666715,False
1,1579.2083333333333,1562.5,16.708333333333258,0.010693333333333286,True
2,1599.625,1562.5,37.125,0.02376,True
3,1534.875,1562.5,-27.625,0.01768,True
4,1551.7916666666667,1562.5,-10.708333333333258,0.006853333333333285,False
5,1603.7916666666667,1562.5,41.29166666666674,0.026426666666666716,True
6,1560.7083333333333,1562.5,-1.7916666666667425,0.001146666666666715,False
7,1511.0416666666667,1562.5,-51.45833333333326,0.03293333333333329,True
