player,wins,expected_wins,deviation,percent_deviation,deviation_above_tolerable_threshold
0,4098.066666666667,4000.0,98.0666666666666,0.024516666666666652,True
1,4034.733333333333,4000.0,34.73333333333312,0.00868333333333328,False
2,4039.4,4000.0,39.40000000000009,0.009850000000000022,False
3,3925.0666666666666,4000.0,-74.9333333333334,0.01873333333333335,True
4,3902.733333333333,4000.0,-97.26666666666688,0.02431666666666672,True
