player,wins,expected_wins,deviation,percent_deviation,deviation_above_tolerable_threshold
0,22227.333333333332,22222.0,5.333333333332121,0.00024000240002394567,False
1,22346.833333333332,22222.0,124.83333333333212,0.005617556175561701,False
2,22091.833333333332,22222.0,-130.16666666666788,0.0058575585755858105,False
